run_id,timestamp_utc,protocol,device_id,device_class,scenario,event_index,sensor_seq,sensor_status,finger_id,confidence,sensor_ts_ms,edge_rx_ts_ms,ack_rx_ts_ms,handshake_latency_ms,resumed,resume_expected,reconnect_index,encrypt_latency_ms,roundtrip_latency_ms,sensor_to_ack_latency_ms,retry_count,send_success,ack_valid,free_ram_bytes,cpu_utilization_pct,memory_delta_mb,event_duration_s,estimated_energy_j,energy_per_message_mj,payload_size_bytes,session_id,connection_id,error
5a4edafda835,2026-03-16T08:40:19.467114+00:00,proposed,mega-sim,mega2560_sim,periodic,1,0,simulated_match,1,80,1773650419456,1773650419456,1773650419467,45.847200,0,0,0,3.418600,7.405100,11.000000,0,1,1,4096,0.000000,0.007812,0.010854,0.006513,6.512700,140,6e8531a7eecf67f2,23c95df20df3a497,
5a4edafda835,2026-03-16T08:40:19.488551+00:00,proposed,mega-sim,mega2560_sim,periodic,2,1,simulated_match,1,80,1773650419479,1773650419479,1773650419488,0.000000,0,0,0,2.651400,6.567600,9.000000,0,1,1,4096,168.986513,0.007812,0.009246,0.005548,5.547780,140,6e8531a7eecf67f2,23c95df20df3a497,
5a4edafda835,2026-03-16T08:40:19.544267+00:00,proposed,mega-sim,mega2560_sim,periodic,3,2,simulated_match,1,80,1773650419538,1773650419538,1773650419544,35.967300,1,1,1,1.717000,4.131000,6.000000,0,1,1,4096,0.000000,0.011719,0.005862,0.003517,3.517440,140,6e8531a7eecf67f2,23c95df20df3a497,
5a4edafda835,2026-03-16T08:40:19.561804+00:00,proposed,mega-sim,mega2560_sim,periodic,4,3,simulated_match,1,80,1773650419555,1773650419555,1773650419561,0.000000,0,0,1,1.935800,4.374400,6.000000,0,1,1,4096,0.000000,0.007812,0.006324,0.003795,3.794520,140,6e8531a7eecf67f2,23c95df20df3a497,
5a4edafda835,2026-03-16T08:40:19.613302+00:00,proposed,mega-sim,mega2560_sim,periodic,5,4,simulated_match,1,80,1773650419606,1773650419606,1773650419613,31.631400,1,1,2,2.139900,4.740800,7.000000,0,1,1,4096,0.000000,0.015625,0.006899,0.004139,4.139100,140,6e8531a7eecf67f2,23c95df20df3a497,
07fd8e9d7646,2026-03-16T08:40:33.135170+00:00,baseline,mega-sim,mega2560_sim,periodic,1,0,simulated_match,1,80,1773650433134,1773650433134,1773650433135,10.516500,0,0,0,0.394900,0.470300,1.000000,0,1,1,4096,0.000000,0.035156,0.000883,0.000530,0.529680,140,1f1d19599d27addb,baseline-no-cid,
07fd8e9d7646,2026-03-16T08:40:33.146462+00:00,baseline,mega-sim,mega2560_sim,periodic,2,1,simulated_match,1,80,1773650433145,1773650433145,1773650433146,0.000000,0,0,0,0.046500,0.306400,1.000000,0,1,1,4096,0.000000,0.000000,0.000367,0.000220,0.220260,140,1f1d19599d27addb,baseline-no-cid,
07fd8e9d7646,2026-03-16T08:40:33.159108+00:00,baseline,mega-sim,mega2560_sim,periodic,3,2,simulated_match,1,80,1773650433158,1773650433158,1773650433159,1.040000,0,0,1,0.053900,0.343900,1.000000,0,1,1,4096,3724.671775,0.000000,0.000420,0.000252,0.251700,140,917c71fe815843ee,baseline-no-cid,
07fd8e9d7646,2026-03-16T08:40:33.170744+00:00,baseline,mega-sim,mega2560_sim,periodic,4,3,simulated_match,1,80,1773650433170,1773650433170,1773650433170,0.000000,0,0,1,0.061400,0.415500,0.000000,0,1,1,4096,0.000000,0.000000,0.000493,0.000296,0.295620,140,917c71fe815843ee,baseline-no-cid,
07fd8e9d7646,2026-03-16T08:40:33.184507+00:00,baseline,mega-sim,mega2560_sim,periodic,5,4,simulated_match,1,80,1773650433184,1773650433184,1773650433184,1.770400,0,0,2,0.042600,0.273800,0.000000,0,1,1,4096,0.000000,0.000000,0.000327,0.000196,0.196140,140,dd98622ae51d80de,baseline-no-cid,
f50af59ce2db,2026-03-17T07:03:07.712379+00:00,proposed,mega-r307s-1,mega2560_r307s,periodic,1,0,simulated_match,1,80,2000,1773730987696,1773730987712,66.151900,0,0,0,4.494900,11.222300,1773730985712.000000,0,1,1,0,0.000000,0.062500,0.015762,0.012610,12.609680,135,ad05f7b2168cbb20,3c7c2da8a92e7f27,
f50af59ce2db,2026-03-17T07:03:09.719539+00:00,proposed,mega-r307s-1,mega2560_r307s,periodic,2,1,simulated_match,1,80,4000,1773730989711,1773730989719,0.000000,0,0,0,2.227600,5.738600,1773730985719.000000,0,1,1,7747,0.000000,0.007812,0.007993,0.006394,6.394240,135,ad05f7b2168cbb20,3c7c2da8a92e7f27,
f50af59ce2db,2026-03-17T07:03:11.736998+00:00,proposed,mega-r307s-1,mega2560_r307s,periodic,3,2,simulated_match,1,80,6000,1773730991727,1773730991736,0.000000,0,0,0,2.768900,6.962700,1773730985736.000000,0,1,1,7747,0.000000,0.003906,0.009751,0.007801,7.801120,135,ad05f7b2168cbb20,3c7c2da8a92e7f27,
f50af59ce2db,2026-03-17T07:03:13.751476+00:00,proposed,mega-r307s-1,mega2560_r307s,periodic,4,3,simulated_match,1,80,8000,1773730993742,1773730993751,0.000000,0,0,0,2.778000,6.382200,1773730985751.000000,0,1,1,7747,0.000000,0.003906,0.009182,0.007346,7.345600,135,ad05f7b2168cbb20,3c7c2da8a92e7f27,
f50af59ce2db,2026-03-17T07:03:15.769180+00:00,proposed,mega-r307s-1,mega2560_r307s,periodic,5,4,simulated_match,1,80,10000,1773730995757,1773730995769,0.000000,0,0,0,3.146000,8.424500,1773730985769.000000,0,1,1,7747,0.000000,0.003906,0.011592,0.009274,9.273520,136,ad05f7b2168cbb20,3c7c2da8a92e7f27,
f50af59ce2db,2026-03-17T07:03:17.779773+00:00,proposed,mega-r307s-1,mega2560_r307s,periodic,6,5,simulated_match,1,80,12000,1773730997772,1773730997779,0.000000,0,0,0,2.123800,5.071300,1773730985779.000000,0,1,1,7747,0.000000,0.003906,0.007209,0.005767,5.767040,136,ad05f7b2168cbb20,3c7c2da8a92e7f27,
f50af59ce2db,2026-03-17T07:03:19.801086+00:00,proposed,mega-r307s-1,mega2560_r307s,periodic,7,6,simulated_match,1,80,14000,1773730999787,1773730999801,0.000000,0,0,0,3.923500,8.960600,1773730985801.000000,0,1,1,7747,0.000000,0.003906,0.012906,0.010325,10.324800,136,ad05f7b2168cbb20,3c7c2da8a92e7f27,
f50af59ce2db,2026-03-17T07:03:21.818164+00:00,proposed,mega-r307s-1,mega2560_r307s,periodic,8,7,simulated_match,1,80,16000,1773731001803,1773731001818,0.000000,0,0,0,4.531800,9.905600,1773730985818.000000,0,1,1,7747,0.000000,0.011719,0.014462,0.011570,11.569840,136,ad05f7b2168cbb20,3c7c2da8a92e7f27,
f50af59ce2db,2026-03-17T07:03:23.825320+00:00,proposed,mega-r307s-1,mega2560_r307s,periodic,9,8,simulated_match,1,80,18000,1773731003819,1773731003825,0.000000,0,0,0,1.747200,4.134100,1773730985825.000000,0,1,1,7747,0.000000,0.007812,0.005894,0.004715,4.715120,136,ad05f7b2168cbb20,3c7c2da8a92e7f27,
f50af59ce2db,2026-03-17T07:03:25.850208+00:00,proposed,mega-r307s-1,mega2560_r307s,periodic,10,9,simulated_match,1,80,20000,1773731005835,1773731005850,0.000000,0,0,0,3.913900,10.912900,1773730985850.000000,0,1,1,7747,105.095713,0.003906,0.014867,0.011894,11.893920,136,ad05f7b2168cbb20,3c7c2da8a92e7f27,
f50af59ce2db,2026-03-17T07:03:27.864519+00:00,proposed,mega-r307s-1,mega2560_r307s,periodic,11,10,simulated_match,1,80,22000,1773731007850,1773731007864,0.000000,0,0,0,4.296000,9.570100,1773730985864.000000,0,1,1,7747,0.000000,0.003906,0.013888,0.011110,11.110480,137,ad05f7b2168cbb20,3c7c2da8a92e7f27,
f50af59ce2db,2026-03-17T07:03:29.875244+00:00,proposed,mega-r307s-1,mega2560_r307s,periodic,12,11,simulated_match,1,80,24000,1773731009866,1773731009875,0.000000,0,0,0,2.873500,5.971000,1773730985875.000000,0,1,1,7747,0.000000,0.011719,0.008859,0.007088,7.087600,137,ad05f7b2168cbb20,3c7c2da8a92e7f27,
f50af59ce2db,2026-03-17T07:03:31.897128+00:00,proposed,mega-r307s-1,mega2560_r307s,periodic,13,12,simulated_match,1,80,26000,1773731011881,1773731011896,0.000000,0,0,0,4.926200,10.866700,1773730985896.000000,0,1,1,7747,98.787990,0.007812,0.015817,0.012653,12.653360,137,ad05f7b2168cbb20,3c7c2da8a92e7f27,
f50af59ce2db,2026-03-17T07:03:33.910408+00:00,proposed,mega-r307s-1,mega2560_r307s,periodic,14,13,simulated_match,1,80,28000,1773731013896,1773731013910,0.000000,0,0,0,4.310800,9.784300,1773730985910.000000,0,1,1,7747,110.675884,0.007812,0.014118,0.011294,11.294240,137,ad05f7b2168cbb20,3c7c2da8a92e7f27,
f50af59ce2db,2026-03-17T07:03:35.926399+00:00,proposed,mega-r307s-1,mega2560_r307s,periodic,15,14,simulated_match,1,80,30000,1773731015912,1773731015926,0.000000,0,0,0,5.143300,8.979800,1773730985926.000000,0,1,1,7747,110.467747,0.000000,0.014144,0.011316,11.315520,137,ad05f7b2168cbb20,3c7c2da8a92e7f27,
f50af59ce2db,2026-03-17T07:03:37.942337+00:00,proposed,mega-r307s-1,mega2560_r307s,periodic,16,15,simulated_match,1,80,32000,1773731017927,1773731017942,0.000000,0,0,0,4.708700,10.014800,1773730985942.000000,0,1,1,7747,105.938667,0.011719,0.014749,0.011799,11.799280,137,ad05f7b2168cbb20,3c7c2da8a92e7f27,
f50af59ce2db,2026-03-17T07:03:39.953727+00:00,proposed,mega-r307s-1,mega2560_r307s,periodic,17,16,simulated_match,1,80,34000,1773731019943,1773731019953,0.000000,0,0,0,3.693200,6.695200,1773730985953.000000,0,1,1,7747,150.149428,0.003906,0.010406,0.008325,8.325040,137,ad05f7b2168cbb20,3c7c2da8a92e7f27,
f50af59ce2db,2026-03-17T07:03:41.965648+00:00,proposed,mega-r307s-1,mega2560_r307s,periodic,18,17,simulated_match,1,80,36000,1773731021958,1773731021965,0.000000,0,0,0,2.152600,5.050600,1773730985965.000000,0,1,1,7747,216.472707,0.003906,0.007218,0.005774,5.774400,137,ad05f7b2168cbb20,3c7c2da8a92e7f27,
f50af59ce2db,2026-03-17T07:03:43.988946+00:00,proposed,mega-r307s-1,mega2560_r307s,periodic,19,18,simulated_match,1,80,38000,1773731023974,1773731023988,0.000000,0,0,0,5.024100,9.424800,1773730985988.000000,0,1,1,7747,107.984270,0.007812,0.014470,0.011576,11.575760,137,ad05f7b2168cbb20,3c7c2da8a92e7f27,
f50af59ce2db,2026-03-17T07:03:46.004812+00:00,proposed,mega-r307s-1,mega2560_r307s,periodic,20,19,simulated_match,1,80,40000,1773731025989,1773731026004,0.000000,0,0,0,4.916000,10.072400,1773730986004.000000,0,1,1,7747,104.089640,0.007812,0.015011,0.012009,12.008880,137,ad05f7b2168cbb20,3c7c2da8a92e7f27,
f50af59ce2db,2026-03-17T07:03:48.019185+00:00,proposed,mega-r307s-1,mega2560_r307s,periodic,21,20,simulated_match,1,80,42000,1773731028004,1773731028019,0.000000,0,0,0,4.488500,10.058900,1773730986019.000000,0,1,1,7747,107.221772,0.000000,0.014573,0.011658,11.658080,137,ad05f7b2168cbb20,3c7c2da8a92e7f27,
f50af59ce2db,2026-03-17T07:03:50.025539+00:00,proposed,mega-r307s-1,mega2560_r307s,periodic,22,21,simulated_match,1,80,44000,1773731030019,1773731030025,0.000000,0,0,0,1.775700,4.271300,1773730986025.000000,0,1,1,7747,257.889352,0.007812,0.006059,0.004847,4.847040,137,ad05f7b2168cbb20,3c7c2da8a92e7f27,
f50af59ce2db,2026-03-17T07:03:52.045026+00:00,proposed,mega-r307s-1,mega2560_r307s,periodic,23,22,simulated_match,1,80,46000,1773731032034,1773731032044,0.000000,0,0,0,3.061200,6.914100,1773730986044.000000,0,1,1,7747,156.351628,0.003906,0.009994,0.007995,7.994800,137,ad05f7b2168cbb20,3c7c2da8a92e7f27,
f50af59ce2db,2026-03-17T07:03:53.776750+00:00,proposed,mega-r307s-1,mega2560_r307s,periodic,24,23,simulated_match,1,80,47722,1773731033770,1773731033776,0.000000,0,0,0,2.064500,4.347600,1773730986054.000000,0,1,1,7747,243.149031,0.003906,0.006426,0.005141,5.140880,137,ad05f7b2168cbb20,3c7c2da8a92e7f27,
f50af59ce2db,2026-03-17T07:03:53.964498+00:00,proposed,mega-r307s-1,mega2560_r307s,periodic,25,24,simulated_match,1,80,47903,1773731033954,1773731033964,0.000000,0,0,0,2.943600,7.212100,1773730986061.000000,0,1,1,7747,0.000000,0.015625,0.010173,0.008138,8.138240,137,ad05f7b2168cbb20,3c7c2da8a92e7f27,
f50af59ce2db,2026-03-17T07:03:53.977322+00:00,proposed,mega-r307s-1,mega2560_r307s,periodic,26,25,simulated_match,1,80,47907,1773731033968,1773731033977,0.000000,0,0,0,2.475300,6.066300,1773730986070.000000,0,1,1,7747,0.000000,0.011719,0.008557,0.006846,6.845520,137,ad05f7b2168cbb20,3c7c2da8a92e7f27,
f50af59ce2db,2026-03-17T07:03:54.092552+00:00,proposed,mega-r307s-1,mega2560_r307s,periodic,27,26,simulated_match,1,80,48029,1773731034080,1773731034092,0.000000,0,0,0,4.658300,7.057200,1773730986063.000000,0,1,1,7747,133.093126,0.000000,0.011740,0.009392,9.391920,137,ad05f7b2168cbb20,3c7c2da8a92e7f27,
f50af59ce2db,2026-03-17T07:03:56.111750+00:00,proposed,mega-r307s-1,mega2560_r307s,periodic,28,27,simulated_match,1,80,50029,1773731036096,1773731036111,0.000000,0,0,0,5.250600,9.578300,1773730986082.000000,0,1,1,7747,105.116216,0.000000,0.014865,0.011892,11.891600,137,ad05f7b2168cbb20,3c7c2da8a92e7f27,
f50af59ce2db,2026-03-17T07:03:58.117772+00:00,proposed,mega-r307s-1,mega2560_r307s,periodic,29,28,simulated_match,1,80,52029,1773731038110,1773731038117,0.000000,0,0,0,1.919600,5.085000,1773730986088.000000,0,1,1,7747,0.000000,0.007812,0.007020,0.005616,5.616320,137,ad05f7b2168cbb20,3c7c2da8a92e7f27,
f50af59ce2db,2026-03-17T07:04:00.139079+00:00,proposed,mega-r307s-1,mega2560_r307s,periodic,30,29,simulated_match,1,80,54029,1773731040126,1773731040138,0.000000,0,0,0,3.744500,8.986900,1773730986109.000000,0,1,1,7747,0.000000,0.000000,0.012754,0.010203,10.203280,137,ad05f7b2168cbb20,3c7c2da8a92e7f27,
f50af59ce2db,2026-03-17T07:04:02.149606+00:00,proposed,mega-r307s-1,mega2560_r307s,periodic,31,30,simulated_match,1,80,56029,1773731042140,1773731042149,0.000000,0,0,0,2.634400,5.864000,1773730986120.000000,0,1,1,7747,0.000000,0.011719,0.008515,0.006812,6.811680,137,ad05f7b2168cbb20,3c7c2da8a92e7f27,
f50af59ce2db,2026-03-17T07:04:04.174336+00:00,proposed,mega-r307s-1,mega2560_r307s,periodic,32,31,simulated_match,1,80,58029,1773731044157,1773731044174,0.000000,0,0,0,4.907200,11.690500,1773730986145.000000,0,1,1,7747,93.973092,0.000000,0.016627,0.013302,13.301680,137,ad05f7b2168cbb20,3c7c2da8a92e7f27,
f50af59ce2db,2026-03-17T07:04:06.183131+00:00,proposed,mega-r307s-1,mega2560_r307s,periodic,33,32,simulated_match,1,80,60029,1773731046172,1773731046183,0.000000,0,0,0,3.146800,7.133300,1773730986154.000000,0,1,1,7747,0.000000,0.007812,0.010338,0.008270,8.270320,137,ad05f7b2168cbb20,3c7c2da8a92e7f27,
f50af59ce2db,2026-03-17T07:04:08.203366+00:00,proposed,mega-r307s-1,mega2560_r307s,periodic,34,33,simulated_match,1,80,62029,1773731048188,1773731048203,0.000000,0,0,0,4.175400,10.301600,1773730986174.000000,0,1,1,7747,107.769026,0.000000,0.014499,0.011599,11.598880,137,ad05f7b2168cbb20,3c7c2da8a92e7f27,
f50af59ce2db,2026-03-17T07:04:10.221369+00:00,proposed,mega-r307s-1,mega2560_r307s,periodic,35,34,simulated_match,1,80,64029,1773731050203,1773731050221,0.000000,0,0,0,4.603600,12.613200,1773730986192.000000,0,1,1,7747,90.628571,0.007812,0.017241,0.013793,13.792560,137,ad05f7b2168cbb20,3c7c2da8a92e7f27,
f50af59ce2db,2026-03-17T07:04:12.234787+00:00,proposed,mega-r307s-1,mega2560_r307s,periodic,36,35,simulated_match,1,80,66029,1773731052219,1773731052234,0.000000,0,0,0,5.057000,10.459900,1773730986205.000000,0,1,1,7747,100.536624,0.003906,0.015542,0.012433,12.433280,137,ad05f7b2168cbb20,3c7c2da8a92e7f27,
f50af59ce2db,2026-03-17T07:04:14.241702+00:00,proposed,mega-r307s-1,mega2560_r307s,periodic,37,36,simulated_match,1,80,68029,1773731054234,1773731054241,0.000000,0,0,0,1.998100,5.545500,1773730986212.000000,0,1,1,7747,0.000000,0.011719,0.007560,0.006048,6.047840,137,ad05f7b2168cbb20,3c7c2da8a92e7f27,
f50af59ce2db,2026-03-17T07:04:16.261769+00:00,proposed,mega-r307s-1,mega2560_r307s,periodic,38,37,simulated_match,1,80,70029,1773731056249,1773731056261,0.000000,0,0,0,3.654200,8.369800,1773730986232.000000,0,1,1,7747,0.000000,0.003906,0.012045,0.009636,9.636080,137,ad05f7b2168cbb20,3c7c2da8a92e7f27,
f50af59ce2db,2026-03-17T07:04:18.282192+00:00,proposed,mega-r307s-1,mega2560_r307s,periodic,39,38,simulated_match,1,80,72029,1773731058265,1773731058282,0.000000,0,0,0,5.209800,11.621100,1773730986253.000000,0,1,1,7747,0.000000,0.003906,0.016851,0.013481,13.481040,137,ad05f7b2168cbb20,3c7c2da8a92e7f27,
f50af59ce2db,2026-03-17T07:04:20.288022+00:00,proposed,mega-r307s-1,mega2560_r307s,periodic,40,39,simulated_match,1,80,74029,1773731060279,1773731060287,0.000000,0,0,0,2.446700,5.626500,1773730986258.000000,0,1,1,7747,193.204160,0.007812,0.008087,0.006470,6.469840,137,ad05f7b2168cbb20,3c7c2da8a92e7f27,
f50af59ce2db,2026-03-17T07:04:22.314041+00:00,proposed,mega-r307s-1,mega2560_r307s,periodic,41,40,simulated_match,1,80,76029,1773731062296,1773731062313,0.000000,0,0,0,5.234100,11.694600,1773730986284.000000,0,1,1,7747,92.140490,0.003906,0.016958,0.013566,13.566240,137,ad05f7b2168cbb20,3c7c2da8a92e7f27,
f50af59ce2db,2026-03-17T07:04:24.327711+00:00,proposed,mega-r307s-1,mega2560_r307s,periodic,42,41,simulated_match,1,80,78029,1773731064312,1773731064327,0.000000,0,0,0,5.199100,10.052900,1773730986298.000000,0,1,1,7747,0.000000,0.000000,0.015274,0.012219,12.219040,137,ad05f7b2168cbb20,3c7c2da8a92e7f27,
f50af59ce2db,2026-03-17T07:04:26.342599+00:00,proposed,mega-r307s-1,mega2560_r307s,periodic,43,42,simulated_match,1,80,80029,1773731066326,1773731066342,0.000000,0,0,0,5.214500,10.188900,1773730986313.000000,0,1,1,7747,0.000000,0.015625,0.015431,0.012344,12.344400,137,ad05f7b2168cbb20,3c7c2da8a92e7f27,
f50af59ce2db,2026-03-17T07:04:28.360096+00:00,proposed,mega-r307s-1,mega2560_r307s,periodic,44,43,simulated_match,1,80,82029,1773731068342,1773731068359,0.000000,0,0,0,5.024600,12.360500,1773730986330.000000,0,1,1,7747,0.000000,0.000000,0.017416,0.013933,13.932640,137,ad05f7b2168cbb20,3c7c2da8a92e7f27,
f50af59ce2db,2026-03-17T07:04:30.371215+00:00,proposed,mega-r307s-1,mega2560_r307s,periodic,45,44,simulated_match,1,80,84029,1773731070357,1773731070371,0.000000,0,0,0,4.198900,9.101600,1773730986342.000000,0,1,1,7747,0.000000,0.000000,0.013323,0.010658,10.658080,137,ad05f7b2168cbb20,3c7c2da8a92e7f27,
f50af59ce2db,2026-03-17T07:04:32.379361+00:00,proposed,mega-r307s-1,mega2560_r307s,periodic,46,45,simulated_match,1,80,86029,1773731072372,1773731072379,0.000000,0,0,0,1.878200,4.723600,1773730986350.000000,0,1,1,7747,0.000000,0.000000,0.006614,0.005291,5.291120,137,ad05f7b2168cbb20,3c7c2da8a92e7f27,
f50af59ce2db,2026-03-17T07:04:34.404836+00:00,proposed,mega-r307s-1,mega2560_r307s,periodic,47,46,simulated_match,1,80,88029,1773731074388,1773731074404,0.000000,0,0,0,4.786000,11.674800,1773730986375.000000,0,1,1,7747,0.000000,0.000000,0.016488,0.013190,13.190480,137,ad05f7b2168cbb20,3c7c2da8a92e7f27,
f50af59ce2db,2026-03-17T07:04:36.411248+00:00,proposed,mega-r307s-1,mega2560_r307s,periodic,48,47,simulated_match,1,80,90029,1773731076403,1773731076411,0.000000,0,0,0,2.776000,5.309300,1773730986382.000000,0,1,1,7747,0.000000,0.000000,0.008110,0.006488,6.487840,137,ad05f7b2168cbb20,3c7c2da8a92e7f27,
f50af59ce2db,2026-03-17T07:04:38.426800+00:00,proposed,mega-r307s-1,mega2560_r307s,periodic,49,48,simulated_match,1,80,92029,1773731078419,1773731078426,0.000000,0,0,0,2.548700,4.728800,1773730986397.000000,0,1,1,7747,0.000000,0.003906,0.007299,0.005839,5.839200,137,ad05f7b2168cbb20,3c7c2da8a92e7f27,
f50af59ce2db,2026-03-17T07:04:40.445722+00:00,proposed,mega-r307s-1,mega2560_r307s,periodic,50,49,simulated_match,1,80,94029,1773731080434,1773731080445,0.000000,0,0,0,3.441600,7.111100,1773730986416.000000,0,1,1,7747,0.000000,0.000000,0.010580,0.008464,8.464240,137,ad05f7b2168cbb20,3c7c2da8a92e7f27,
f50af59ce2db,2026-03-17T07:04:42.467063+00:00,proposed,mega-r307s-1,mega2560_r307s,periodic,51,50,simulated_match,1,80,96029,1773731082450,1773731082466,34.276500,1,1,1,4.062100,12.653500,1773730986437.000000,0,1,1,7747,0.000000,0.003906,0.016745,0.013396,13.396240,137,ad05f7b2168cbb20,3c7c2da8a92e7f27,
f50af59ce2db,2026-03-17T07:04:44.472285+00:00,proposed,mega-r307s-1,mega2560_r307s,periodic,52,51,simulated_match,1,80,98029,1773731084465,1773731084472,0.000000,0,0,1,1.949800,4.886700,1773730986443.000000,0,1,1,7747,0.000000,0.000000,0.006849,0.005479,5.479440,137,ad05f7b2168cbb20,3c7c2da8a92e7f27,
f50af59ce2db,2026-03-17T07:04:46.503326+00:00,proposed,mega-r307s-1,mega2560_r307s,periodic,53,52,simulated_match,1,80,100029,1773731086482,1773731086503,0.000000,0,0,1,7.118800,13.225800,1773730986474.000000,0,1,1,7747,76.685235,0.000000,0.020375,0.016300,16.300400,138,ad05f7b2168cbb20,3c7c2da8a92e7f27,
f50af59ce2db,2026-03-17T07:04:48.518869+00:00,proposed,mega-r307s-1,mega2560_r307s,periodic,54,53,simulated_match,1,80,102029,1773731088496,1773731088518,0.000000,0,0,1,5.515000,16.055900,1773730986489.000000,0,1,1,7747,0.000000,0.000000,0.021607,0.017286,17.285520,138,ad05f7b2168cbb20,3c7c2da8a92e7f27,
f50af59ce2db,2026-03-17T07:04:50.524111+00:00,proposed,mega-r307s-1,mega2560_r307s,periodic,55,54,simulated_match,1,80,104029,1773731090511,1773731090524,0.000000,0,0,1,3.695100,8.449800,1773730986495.000000,0,1,1,7747,0.000000,0.000000,0.012167,0.009734,9.733600,138,ad05f7b2168cbb20,3c7c2da8a92e7f27,
f50af59ce2db,2026-03-17T07:04:52.547236+00:00,proposed,mega-r307s-1,mega2560_r307s,periodic,56,55,simulated_match,1,80,106029,1773731092527,1773731092547,0.000000,0,0,1,6.475800,12.983100,1773730986518.000000,0,1,1,7747,0.000000,0.000000,0.019495,0.015596,15.595840,138,ad05f7b2168cbb20,3c7c2da8a92e7f27,
f50af59ce2db,2026-03-17T07:04:54.555312+00:00,proposed,mega-r307s-1,mega2560_r307s,periodic,57,56,simulated_match,1,80,108029,1773731094543,1773731094555,0.000000,0,0,1,3.443900,8.496300,1773730986526.000000,0,1,1,7747,0.000000,0.003906,0.011965,0.009572,9.571920,138,ad05f7b2168cbb20,3c7c2da8a92e7f27,
f50af59ce2db,2026-03-17T07:04:56.568467+00:00,proposed,mega-r307s-1,mega2560_r307s,periodic,58,57,simulated_match,1,80,110029,1773731096558,1773731096568,0.000000,0,0,1,3.042700,6.812400,1773730986539.000000,0,1,1,7747,158.221439,0.000000,0.009875,0.007900,7.900320,138,ad05f7b2168cbb20,3c7c2da8a92e7f27,
f50af59ce2db,2026-03-17T07:04:58.581634+00:00,proposed,mega-r307s-1,mega2560_r307s,periodic,59,58,simulated_match,1,80,112029,1773731098573,1773731098581,0.000000,0,0,1,2.242600,5.748200,1773730986552.000000,0,1,1,7747,0.000000,0.000000,0.008006,0.006405,6.404880,138,ad05f7b2168cbb20,3c7c2da8a92e7f27,
f50af59ce2db,2026-03-17T07:05:00.599428+00:00,proposed,mega-r307s-1,mega2560_r307s,periodic,60,59,simulated_match,1,80,114029,1773731100588,1773731100599,0.000000,0,0,1,2.914400,7.517500,1773730986570.000000,0,1,1,7747,0.000000,0.000000,0.010453,0.008362,8.362480,138,ad05f7b2168cbb20,3c7c2da8a92e7f27,
f50af59ce2db,2026-03-17T07:05:04.340683+00:00,proposed,mega-r307s-1,mega2560_r307s,periodic,61,0,simulated_match,1,80,2000,1773731104324,1773731104340,0.000000,0,0,1,5.049200,10.608300,1773731102340.000000,0,1,1,7747,0.000000,0.007812,0.015678,0.012542,12.542400,135,ad05f7b2168cbb20,3c7c2da8a92e7f27,
f50af59ce2db,2026-03-17T07:05:06.345230+00:00,proposed,mega-r307s-1,mega2560_r307s,periodic,62,1,simulated_match,1,80,4000,1773731106339,1773731106345,0.000000,0,0,1,1.772200,4.288900,1773731102345.000000,0,1,1,7747,0.000000,0.000000,0.006075,0.004860,4.859840,135,ad05f7b2168cbb20,3c7c2da8a92e7f27,
f50af59ce2db,2026-03-17T07:05:08.373892+00:00,proposed,mega-r307s-1,mega2560_r307s,periodic,63,2,simulated_match,1,80,6000,1773731108355,1773731108373,0.000000,0,0,1,6.152800,11.851800,1773731102373.000000,0,1,1,7747,0.000000,0.003906,0.018028,0.014423,14.422560,135,ad05f7b2168cbb20,3c7c2da8a92e7f27,
f50af59ce2db,2026-03-17T07:05:10.378156+00:00,proposed,mega-r307s-1,mega2560_r307s,periodic,64,3,simulated_match,1,80,8000,1773731110369,1773731110378,0.000000,0,0,1,2.343500,5.958800,1773731102378.000000,0,1,1,7747,0.000000,0.000000,0.008330,0.006664,6.664320,135,ad05f7b2168cbb20,3c7c2da8a92e7f27,
f50af59ce2db,2026-03-17T07:05:12.396635+00:00,proposed,mega-r307s-1,mega2560_r307s,periodic,65,4,simulated_match,1,80,10000,1773731112385,1773731112396,0.000000,0,0,1,3.368400,7.083600,1773731102396.000000,0,1,1,7747,149.223085,0.003906,0.010471,0.008377,8.376720,136,ad05f7b2168cbb20,3c7c2da8a92e7f27,
f50af59ce2db,2026-03-17T07:05:14.408441+00:00,proposed,mega-r307s-1,mega2560_r307s,periodic,66,5,simulated_match,1,80,12000,1773731114401,1773731114408,0.000000,0,0,1,1.995200,5.253400,1773731102408.000000,0,1,1,7747,0.000000,0.000000,0.007269,0.005815,5.814960,136,ad05f7b2168cbb20,3c7c2da8a92e7f27,
f50af59ce2db,2026-03-17T07:05:16.424047+00:00,proposed,mega-r307s-1,mega2560_r307s,periodic,67,6,simulated_match,1,80,14000,1773731116416,1773731116423,0.000000,0,0,1,2.401200,5.463800,1773731102423.000000,0,1,1,7747,0.000000,0.000000,0.007880,0.006304,6.304160,136,ad05f7b2168cbb20,3c7c2da8a92e7f27,
f50af59ce2db,2026-03-17T07:05:18.443737+00:00,proposed,mega-r307s-1,mega2560_r307s,periodic,68,7,simulated_match,1,80,16000,1773731118431,1773731118443,0.000000,0,0,1,3.853900,8.284000,1773731102443.000000,0,1,1,7747,128.484500,0.000000,0.012161,0.009729,9.728800,136,ad05f7b2168cbb20,3c7c2da8a92e7f27,
f50af59ce2db,2026-03-17T07:05:20.455486+00:00,proposed,mega-r307s-1,mega2560_r307s,periodic,69,8,simulated_match,1,80,18000,1773731120447,1773731120455,0.000000,0,0,1,2.135200,5.708900,1773731102455.000000,0,1,1,7747,0.000000,0.007812,0.007859,0.006287,6.287440,136,ad05f7b2168cbb20,3c7c2da8a92e7f27,
f50af59ce2db,2026-03-17T07:05:22.468766+00:00,proposed,mega-r307s-1,mega2560_r307s,periodic,70,9,simulated_match,1,80,20000,1773731122462,1773731122468,0.000000,0,0,1,1.820500,4.227600,1773731102468.000000,0,1,1,7747,0.000000,0.003906,0.006065,0.004852,4.852000,136,ad05f7b2168cbb20,3c7c2da8a92e7f27,
f50af59ce2db,2026-03-17T07:05:24.484748+00:00,proposed,mega-r307s-1,mega2560_r307s,periodic,71,10,simulated_match,1,80,22000,1773731124478,1773731124484,0.000000,0,0,1,1.828400,4.329700,1773731102484.000000,0,1,1,7747,0.000000,0.000000,0.006173,0.004939,4.938800,137,ad05f7b2168cbb20,3c7c2da8a92e7f27,
f50af59ce2db,2026-03-17T07:05:26.501453+00:00,proposed,mega-r307s-1,mega2560_r307s,periodic,72,11,simulated_match,1,80,24000,1773731126493,1773731126501,0.000000,0,0,1,2.127300,5.332000,1773731102501.000000,0,1,1,7747,0.000000,0.000000,0.007512,0.006010,6.009680,137,ad05f7b2168cbb20,3c7c2da8a92e7f27,
f50af59ce2db,2026-03-17T07:05:28.527887+00:00,proposed,mega-r307s-1,mega2560_r307s,periodic,73,12,simulated_match,1,80,26000,1773731128509,1773731128527,0.000000,0,0,1,6.312400,12.175100,1773731102527.000000,0,1,1,7747,0.000000,0.000000,0.018516,0.014813,14.812800,137,ad05f7b2168cbb20,3c7c2da8a92e7f27,
f50af59ce2db,2026-03-17T07:05:30.532113+00:00,proposed,mega-r307s-1,mega2560_r307s,periodic,74,13,simulated_match,1,80,28000,1773731130524,1773731130532,0.000000,0,0,1,2.253000,5.304000,1773731102532.000000,0,1,1,7747,0.000000,0.000000,0.007572,0.006057,6.057200,137,ad05f7b2168cbb20,3c7c2da8a92e7f27,
f50af59ce2db,2026-03-17T07:05:32.548425+00:00,proposed,mega-r307s-1,mega2560_r307s,periodic,75,14,simulated_match,1,80,30000,1773731132539,1773731132548,0.000000,0,0,1,2.488400,6.129700,1773731102548.000000,0,1,1,7747,0.000000,0.000000,0.008633,0.006906,6.906320,137,ad05f7b2168cbb20,3c7c2da8a92e7f27,
f50af59ce2db,2026-03-17T07:05:34.570668+00:00,proposed,mega-r307s-1,mega2560_r307s,periodic,76,15,simulated_match,1,80,32000,1773731134554,1773731134570,0.000000,0,0,1,4.884600,10.745700,1773731102570.000000,0,1,1,7747,0.000000,0.000000,0.015652,0.012522,12.521840,137,ad05f7b2168cbb20,3c7c2da8a92e7f27,
f50af59ce2db,2026-03-17T07:05:36.583747+00:00,proposed,mega-r307s-1,mega2560_r307s,periodic,77,16,simulated_match,1,80,34000,1773731136571,1773731136583,0.000000,0,0,1,3.215900,9.263300,1773731102583.000000,0,1,1,7747,0.000000,0.000000,0.012504,0.010003,10.003200,137,ad05f7b2168cbb20,3c7c2da8a92e7f27,
f50af59ce2db,2026-03-17T07:05:38.607587+00:00,proposed,mega-r307s-1,mega2560_r307s,periodic,78,17,simulated_match,1,80,36000,1773731138586,1773731138607,0.000000,0,0,1,6.513900,13.660900,1773731102607.000000,0,1,1,7747,0.000000,0.011719,0.020263,0.016210,16.210080,137,ad05f7b2168cbb20,3c7c2da8a92e7f27,
f50af59ce2db,2026-03-17T07:05:40.618145+00:00,proposed,mega-r307s-1,mega2560_r307s,periodic,79,18,simulated_match,1,80,38000,1773731140602,1773731140618,0.000000,0,0,1,4.746100,10.853100,1773731102618.000000,0,1,1,7747,0.000000,0.000000,0.015627,0.012502,12.501520,137,ad05f7b2168cbb20,3c7c2da8a92e7f27,
f50af59ce2db,2026-03-17T07:05:42.633872+00:00,proposed,mega-r307s-1,mega2560_r307s,periodic,80,19,simulated_match,1,80,40000,1773731142617,1773731142633,0.000000,0,0,1,5.387900,10.603400,1773731102633.000000,0,1,1,7747,0.000000,0.000000,0.016055,0.012844,12.844160,137,ad05f7b2168cbb20,3c7c2da8a92e7f27,
f50af59ce2db,2026-03-17T07:05:44.638263+00:00,proposed,mega-r307s-1,mega2560_r307s,periodic,81,20,simulated_match,1,80,42000,1773731144632,1773731144638,0.000000,0,0,1,1.819600,4.329500,1773731102638.000000,0,1,1,7747,0.000000,0.000000,0.006162,0.004929,4.929440,137,ad05f7b2168cbb20,3c7c2da8a92e7f27,
f50af59ce2db,2026-03-17T07:05:46.661032+00:00,proposed,mega-r307s-1,mega2560_r307s,periodic,82,21,simulated_match,1,80,44000,1773731146647,1773731146660,0.000000,0,0,1,3.960900,9.133300,1773731102660.000000,0,1,1,7747,0.000000,0.007812,0.013117,0.010494,10.493520,137,ad05f7b2168cbb20,3c7c2da8a92e7f27,
f50af59ce2db,2026-03-17T07:05:48.674359+00:00,proposed,mega-r307s-1,mega2560_r307s,periodic,83,22,simulated_match,1,80,46000,1773731148662,1773731148674,0.000000,0,0,1,3.270600,8.154200,1773731102674.000000,0,1,1,7747,0.000000,0.007812,0.011444,0.009155,9.155360,137,ad05f7b2168cbb20,3c7c2da8a92e7f27,
f50af59ce2db,2026-03-17T07:05:50.691067+00:00,proposed,mega-r307s-1,mega2560_r307s,periodic,84,23,simulated_match,1,80,48000,1773731150678,1773731150690,0.000000,0,0,1,3.788800,8.576400,1773731102690.000000,0,1,1,7747,0.000000,0.000000,0.012388,0.009911,9.910640,137,ad05f7b2168cbb20,3c7c2da8a92e7f27,
f50af59ce2db,2026-03-17T07:05:52.710561+00:00,proposed,mega-r307s-1,mega2560_r307s,periodic,85,24,simulated_match,1,80,50000,1773731152695,1773731152710,0.000000,0,0,1,4.882300,10.293100,1773731102710.000000,0,1,1,7747,102.782529,0.003906,0.015202,0.012162,12.161600,137,ad05f7b2168cbb20,3c7c2da8a92e7f27,
5fe2159b27fa,2026-03-17T07:06:49.506859+00:00,proposed,mega-r307s-1,mega2560_r307s,periodic,1,0,simulated_match,1,80,2000,1773731209492,1773731209506,37.902700,0,0,0,4.425600,9.805600,1773731207506.000000,0,1,1,0,109.499281,0.000000,0.014270,0.011416,11.415600,135,8c5719260c85b64e,aa8890ffce939076,
5fe2159b27fa,2026-03-17T07:06:51.519922+00:00,proposed,mega-r307s-1,mega2560_r307s,periodic,2,1,simulated_match,1,80,4000,1773731211507,1773731211519,0.000000,0,0,0,3.427100,8.524000,1773731207519.000000,0,1,1,7747,0.000000,0.003906,0.011985,0.009588,9.588000,135,8c5719260c85b64e,aa8890ffce939076,
5fe2159b27fa,2026-03-17T07:06:53.538358+00:00,proposed,mega-r307s-1,mega2560_r307s,periodic,3,2,simulated_match,1,80,6000,1773731213523,1773731213538,0.000000,0,0,0,4.815600,10.134700,1773731207538.000000,0,1,1,7747,104.344052,0.003906,0.014974,0.011980,11.979600,135,8c5719260c85b64e,aa8890ffce939076,
5fe2159b27fa,2026-03-17T07:06:55.554441+00:00,proposed,mega-r307s-1,mega2560_r307s,periodic,4,3,simulated_match,1,80,8000,1773731215538,1773731215554,0.000000,0,0,0,4.992900,11.068800,1773731207554.000000,0,1,1,7747,97.140193,0.003906,0.016085,0.012868,12.868000,135,8c5719260c85b64e,aa8890ffce939076,
5fe2159b27fa,2026-03-17T07:06:57.562647+00:00,proposed,mega-r307s-1,mega2560_r307s,periodic,5,4,simulated_match,1,80,10000,1773731217553,1773731217562,0.000000,0,0,0,2.713900,6.424100,1773731207562.000000,0,1,1,7747,0.000000,0.000000,0.009154,0.007323,7.323360,136,8c5719260c85b64e,aa8890ffce939076,
5fe2159b27fa,2026-03-17T07:06:59.574294+00:00,proposed,mega-r307s-1,mega2560_r307s,periodic,6,5,simulated_match,1,80,12000,1773731219568,1773731219574,0.000000,0,0,0,1.579000,4.141600,1773731207574.000000,0,1,1,7747,0.000000,0.003906,0.005732,0.004586,4.585840,136,8c5719260c85b64e,aa8890ffce939076,
5fe2159b27fa,2026-03-17T07:07:01.589936+00:00,proposed,mega-r307s-1,mega2560_r307s,periodic,7,6,simulated_match,1,80,14000,1773731221583,1773731221589,0.000000,0,0,0,1.889000,4.244200,1773731207589.000000,0,1,1,7747,254.251078,0.003906,0.006145,0.004916,4.916400,136,8c5719260c85b64e,aa8890ffce939076,
5fe2159b27fa,2026-03-17T07:07:03.608508+00:00,proposed,mega-r307s-1,mega2560_r307s,periodic,8,7,simulated_match,1,80,16000,1773731223599,1773731223608,0.000000,0,0,0,2.512600,6.103400,1773731207608.000000,0,1,1,7747,0.000000,0.007812,0.008631,0.006905,6.904560,136,8c5719260c85b64e,aa8890ffce939076,
5fe2159b27fa,2026-03-17T07:07:05.622067+00:00,proposed,mega-r307s-1,mega2560_r307s,periodic,9,8,simulated_match,1,80,18000,1773731225615,1773731225622,0.000000,0,0,0,1.832000,4.547000,1773731207622.000000,0,1,1,7747,0.000000,0.007812,0.006392,0.005113,5.113360,136,8c5719260c85b64e,aa8890ffce939076,
5fe2159b27fa,2026-03-17T07:07:07.643536+00:00,proposed,mega-r307s-1,mega2560_r307s,periodic,10,9,simulated_match,1,80,20000,1773731227631,1773731227643,0.000000,0,0,0,4.557600,7.682300,1773731207643.000000,0,1,1,7747,0.000000,0.003906,0.012265,0.009812,9.812000,136,8c5719260c85b64e,aa8890ffce939076,
5fe2159b27fa,2026-03-17T07:07:09.662256+00:00,proposed,mega-r307s-1,mega2560_r307s,periodic,11,10,simulated_match,1,80,22000,1773731229646,1773731229662,0.000000,0,0,0,4.922700,10.335900,1773731207662.000000,0,1,1,7747,102.239787,0.000000,0.015283,0.012226,12.226160,137,8c5719260c85b64e,aa8890ffce939076,
5fe2159b27fa,2026-03-17T07:07:11.676939+00:00,proposed,mega-r307s-1,mega2560_r307s,periodic,12,11,simulated_match,1,80,24000,1773731231662,1773731231676,0.000000,0,0,0,4.728900,9.610100,1773731207676.000000,0,1,1,7747,0.000000,0.003906,0.014361,0.011489,11.488880,137,8c5719260c85b64e,aa8890ffce939076,
5fe2159b27fa,2026-03-17T07:07:13.692794+00:00,proposed,mega-r307s-1,mega2560_r307s,periodic,13,12,simulated_match,1,80,26000,1773731233677,1773731233692,0.000000,0,0,0,4.655500,10.261000,1773731207692.000000,0,1,1,7747,0.000000,0.011719,0.014941,0.011953,11.952880,137,8c5719260c85b64e,aa8890ffce939076,
5fe2159b27fa,2026-03-17T07:07:15.707854+00:00,proposed,mega-r307s-1,mega2560_r307s,periodic,14,13,simulated_match,1,80,28000,1773731235692,1773731235707,0.000000,0,0,0,4.925600,10.268000,1773731207707.000000,0,1,1,7747,102.679188,0.007812,0.015217,0.012174,12.173840,137,8c5719260c85b64e,aa8890ffce939076,
5fe2159b27fa,2026-03-17T07:07:17.716082+00:00,proposed,mega-r307s-1,mega2560_r307s,periodic,15,14,simulated_match,1,80,30000,1773731237707,1773731237716,0.000000,0,0,0,2.467600,5.736700,1773731207716.000000,0,1,1,7747,190.122165,0.003906,0.008218,0.006575,6.574720,137,8c5719260c85b64e,aa8890ffce939076,
5fe2159b27fa,2026-03-17T07:07:19.738914+00:00,proposed,mega-r307s-1,mega2560_r307s,periodic,16,15,simulated_match,1,80,32000,1773731239723,1773731239738,0.000000,0,0,0,4.853600,10.464700,1773731207738.000000,0,1,1,7747,101.849257,0.007812,0.015341,0.012273,12.273040,137,8c5719260c85b64e,aa8890ffce939076,
5fe2159b27fa,2026-03-17T07:07:21.751229+00:00,proposed,mega-r307s-1,mega2560_r307s,periodic,17,16,simulated_match,1,80,34000,1773731241739,1773731241751,0.000000,0,0,0,3.449800,8.554800,1773731207751.000000,0,1,1,7747,129.895502,0.000000,0.012029,0.009623,9.623120,137,8c5719260c85b64e,aa8890ffce939076,
5fe2159b27fa,2026-03-17T07:07:23.771919+00:00,proposed,mega-r307s-1,mega2560_r307s,periodic,18,17,simulated_match,1,80,36000,1773731243755,1773731243771,0.000000,0,0,0,4.937400,11.571800,1773731207771.000000,0,1,1,7747,189.037632,0.003906,0.016531,0.013225,13.224880,137,8c5719260c85b64e,aa8890ffce939076,
5fe2159b27fa,2026-03-17T07:07:25.776251+00:00,proposed,mega-r307s-1,mega2560_r307s,periodic,19,18,simulated_match,1,80,38000,1773731245769,1773731245776,0.000000,0,0,0,1.820400,4.790000,1773731207776.000000,0,1,1,7747,235.799228,0.003906,0.006626,0.005301,5.301120,137,8c5719260c85b64e,aa8890ffce939076,
5fe2159b27fa,2026-03-17T07:07:27.796113+00:00,proposed,mega-r307s-1,mega2560_r307s,periodic,20,19,simulated_match,1,80,40000,1773731247785,1773731247796,0.000000,0,0,0,3.352900,7.161600,1773731207796.000000,0,1,1,7747,148.184327,0.007812,0.010544,0.008435,8.435440,137,8c5719260c85b64e,aa8890ffce939076,
5fe2159b27fa,2026-03-17T07:07:29.808980+00:00,proposed,mega-r307s-1,mega2560_r307s,periodic,21,20,simulated_match,1,80,42000,1773731249800,1773731249808,0.000000,0,0,0,2.377200,5.808500,1773731207808.000000,0,1,1,7747,190.504639,0.000000,0.008202,0.006562,6.561520,137,8c5719260c85b64e,aa8890ffce939076,
5fe2159b27fa,2026-03-17T07:07:31.822844+00:00,proposed,mega-r307s-1,mega2560_r307s,periodic,22,21,simulated_match,1,80,44000,1773731251815,1773731251822,0.000000,0,0,0,2.035200,4.961400,1773731207822.000000,0,1,1,7747,0.000000,0.007812,0.007012,0.005609,5.609200,137,8c5719260c85b64e,aa8890ffce939076,
5fe2159b27fa,2026-03-17T07:07:33.844011+00:00,proposed,mega-r307s-1,mega2560_r307s,periodic,23,22,simulated_match,1,80,46000,1773731253831,1773731253843,0.000000,0,0,0,4.115700,8.244800,1773731207843.000000,0,1,1,7747,126.169847,0.003906,0.012384,0.009907,9.907280,137,8c5719260c85b64e,aa8890ffce939076,
5fe2159b27fa,2026-03-17T07:07:35.858511+00:00,proposed,mega-r307s-1,mega2560_r307s,periodic,24,23,simulated_match,1,80,48000,1773731255846,1773731255858,0.000000,0,0,0,3.622900,8.151700,1773731207858.000000,0,1,1,7747,132.508459,0.007812,0.011792,0.009433,9.433360,137,8c5719260c85b64e,aa8890ffce939076,
5fe2159b27fa,2026-03-17T07:07:37.882238+00:00,proposed,mega-r307s-1,mega2560_r307s,periodic,25,24,simulated_match,1,80,50000,1773731257863,1773731257882,0.000000,0,0,0,6.446300,12.081300,1773731207882.000000,0,1,1,7747,84.227719,0.007812,0.018551,0.014841,14.840720,137,8c5719260c85b64e,aa8890ffce939076,
5fe2159b27fa,2026-03-17T07:07:39.896098+00:00,proposed,mega-r307s-1,mega2560_r307s,periodic,26,25,simulated_match,1,80,52000,1773731259879,1773731259896,0.000000,0,0,0,6.891500,9.460900,1773731207896.000000,0,1,1,7747,95.399456,0.015625,0.016379,0.013103,13.102800,137,8c5719260c85b64e,aa8890ffce939076,
5fe2159b27fa,2026-03-17T07:07:41.900793+00:00,proposed,mega-r307s-1,mega2560_r307s,periodic,27,26,simulated_match,1,80,54000,1773731261893,1773731261900,0.000000,0,0,0,2.028500,4.989000,1773731207900.000000,0,1,1,7747,0.000000,0.003906,0.007031,0.005624,5.624480,137,8c5719260c85b64e,aa8890ffce939076,
5fe2159b27fa,2026-03-17T07:07:43.928200+00:00,proposed,mega-r307s-1,mega2560_r307s,periodic,28,27,simulated_match,1,80,56000,1773731263909,1773731263928,0.000000,0,0,0,5.787100,12.837400,1773731207928.000000,0,1,1,7747,167.554032,0.000000,0.018651,0.014921,14.920560,137,8c5719260c85b64e,aa8890ffce939076,
5fe2159b27fa,2026-03-17T07:07:45.940813+00:00,proposed,mega-r307s-1,mega2560_r307s,periodic,29,28,simulated_match,1,80,58000,1773731265924,1773731265940,0.000000,0,0,0,4.756700,11.282200,1773731207940.000000,0,1,1,7747,97.265365,0.003906,0.016064,0.012851,12.851440,137,8c5719260c85b64e,aa8890ffce939076,
5fe2159b27fa,2026-03-17T07:07:47.953880+00:00,proposed,mega-r307s-1,mega2560_r307s,periodic,30,29,simulated_match,1,80,60000,1773731267939,1773731267953,0.000000,0,0,0,4.975000,8.945600,1773731207953.000000,0,1,1,7747,112.057775,0.003906,0.013944,0.011155,11.154960,137,8c5719260c85b64e,aa8890ffce939076,
2bfc205b9590,2026-03-17T07:10:10.728668+00:00,baseline,mega-r307s-1,mega2560_r307s,periodic,1,0,simulated_match,1,80,2000,1773731410724,1773731410728,40.559100,0,0,0,2.698900,1.511100,1773731408728.000000,0,1,1,0,367.785520,0.054688,0.004248,0.003399,3.398720,135,4373848059e0b9a1,baseline-no-cid,
2bfc205b9590,2026-03-17T07:10:12.740011+00:00,baseline,mega-r307s-1,mega2560_r307s,periodic,2,1,simulated_match,1,80,4000,1773731412739,1773731412739,0.000000,0,0,0,0.062400,0.626500,1773731408739.000000,0,1,1,7747,0.000000,0.000000,0.000708,0.000567,0.566640,135,4373848059e0b9a1,baseline-no-cid,
2bfc205b9590,2026-03-17T07:10:14.756769+00:00,baseline,mega-r307s-1,mega2560_r307s,periodic,3,2,simulated_match,1,80,6000,1773731414755,1773731414756,0.000000,0,0,0,0.202000,1.063100,1773731408756.000000,0,1,1,7747,1208.430054,0.007812,0.001293,0.001034,1.034400,135,4373848059e0b9a1,baseline-no-cid,
2bfc205b9590,2026-03-17T07:10:16.771407+00:00,baseline,mega-r307s-1,mega2560_r307s,periodic,4,3,simulated_match,1,80,8000,1773731416769,1773731416771,0.000000,0,0,0,0.093500,1.078000,1773731408771.000000,0,1,1,7747,0.000000,0.000000,0.001198,0.000958,0.958320,135,4373848059e0b9a1,baseline-no-cid,
2bfc205b9590,2026-03-17T07:10:18.785252+00:00,baseline,mega-r307s-1,mega2560_r307s,periodic,5,4,simulated_match,1,80,10000,1773731418784,1773731418785,0.000000,0,0,0,0.042600,0.353500,1773731408785.000000,0,1,1,7747,0.000000,0.000000,0.000406,0.000324,0.324480,136,4373848059e0b9a1,baseline-no-cid,
2bfc205b9590,2026-03-17T07:10:20.802623+00:00,baseline,mega-r307s-1,mega2560_r307s,periodic,6,5,simulated_match,1,80,12000,1773731420801,1773731420802,0.000000,0,0,0,0.088400,0.934800,1773731408802.000000,0,1,1,7747,0.000000,0.000000,0.001046,0.000837,0.837200,136,4373848059e0b9a1,baseline-no-cid,
2bfc205b9590,2026-03-17T07:10:22.816094+00:00,baseline,mega-r307s-1,mega2560_r307s,periodic,7,6,simulated_match,1,80,14000,1773731422815,1773731422816,0.000000,0,0,0,0.073600,0.478800,1773731408816.000000,0,1,1,7747,0.000000,0.000000,0.000571,0.000457,0.457120,136,4373848059e0b9a1,baseline-no-cid,
2bfc205b9590,2026-03-17T07:10:24.832654+00:00,baseline,mega-r307s-1,mega2560_r307s,periodic,8,7,simulated_match,1,80,16000,1773731424831,1773731424832,0.000000,0,0,0,0.098900,0.945700,1773731408832.000000,0,1,1,7747,0.000000,0.000000,0.001072,0.000857,0.857280,136,4373848059e0b9a1,baseline-no-cid,
2bfc205b9590,2026-03-17T07:10:26.847782+00:00,baseline,mega-r307s-1,mega2560_r307s,periodic,9,8,simulated_match,1,80,18000,1773731426847,1773731426847,0.000000,0,0,0,0.042300,0.395000,1773731408847.000000,0,1,1,7747,0.000000,0.000000,0.000448,0.000358,0.358240,136,4373848059e0b9a1,baseline-no-cid,
2bfc205b9590,2026-03-17T07:10:28.863920+00:00,baseline,mega-r307s-1,mega2560_r307s,periodic,10,9,simulated_match,1,80,20000,1773731428862,1773731428863,0.000000,0,0,0,0.074600,0.805500,1773731408863.000000,0,1,1,7747,0.000000,0.000000,0.000901,0.000721,0.720960,136,4373848059e0b9a1,baseline-no-cid,
2bfc205b9590,2026-03-17T07:10:30.879116+00:00,baseline,mega-r307s-1,mega2560_r307s,periodic,11,10,simulated_match,1,80,22000,1773731430878,1773731430879,0.000000,0,0,0,0.057100,0.622300,1773731408879.000000,0,1,1,7747,0.000000,0.000000,0.000695,0.000556,0.555680,137,4373848059e0b9a1,baseline-no-cid,
2bfc205b9590,2026-03-17T07:10:32.895556+00:00,baseline,mega-r307s-1,mega2560_r307s,periodic,12,11,simulated_match,1,80,24000,1773731432894,1773731432895,0.000000,0,0,0,0.084600,0.889800,1773731408895.000000,0,1,1,7747,0.000000,0.000000,0.001000,0.000800,0.799760,137,4373848059e0b9a1,baseline-no-cid,
2bfc205b9590,2026-03-17T07:10:34.910872+00:00,baseline,mega-r307s-1,mega2560_r307s,periodic,13,12,simulated_match,1,80,26000,1773731434909,1773731434910,0.000000,0,0,0,0.095600,1.086400,1773731408910.000000,0,1,1,7747,0.000000,0.000000,0.001208,0.000966,0.966240,137,4373848059e0b9a1,baseline-no-cid,
2bfc205b9590,2026-03-17T07:10:36.926109+00:00,baseline,mega-r307s-1,mega2560_r307s,periodic,14,13,simulated_match,1,80,28000,1773731436924,1773731436925,0.000000,0,0,0,0.089200,0.899000,1773731408925.000000,0,1,1,7747,0.000000,0.003906,0.001012,0.000810,0.809520,137,4373848059e0b9a1,baseline-no-cid,
2bfc205b9590,2026-03-17T07:10:38.940276+00:00,baseline,mega-r307s-1,mega2560_r307s,periodic,15,14,simulated_match,1,80,30000,1773731438939,1773731438940,0.000000,0,0,0,0.048400,0.575000,1773731408940.000000,0,1,1,7747,0.000000,0.000000,0.000637,0.000509,0.509200,137,4373848059e0b9a1,baseline-no-cid,
2bfc205b9590,2026-03-17T07:10:40.955150+00:00,baseline,mega-r307s-1,mega2560_r307s,periodic,16,15,simulated_match,1,80,32000,1773731440954,1773731440955,0.000000,0,0,0,0.053700,0.560100,1773731408955.000000,0,1,1,7747,0.000000,0.000000,0.000627,0.000502,0.501520,137,4373848059e0b9a1,baseline-no-cid,
2bfc205b9590,2026-03-17T07:10:42.971721+00:00,baseline,mega-r307s-1,mega2560_r307s,periodic,17,16,simulated_match,1,80,34000,1773731442970,1773731442971,0.000000,0,0,0,0.054200,0.676700,1773731408971.000000,0,1,1,7747,0.000000,0.000000,0.000745,0.000596,0.596400,137,4373848059e0b9a1,baseline-no-cid,
2bfc205b9590,2026-03-17T07:10:44.987680+00:00,baseline,mega-r307s-1,mega2560_r307s,periodic,18,17,simulated_match,1,80,36000,1773731444985,1773731444987,0.000000,0,0,0,0.038500,1.666800,1773731408987.000000,0,1,1,7747,0.000000,0.007812,0.001720,0.001376,1.375920,137,4373848059e0b9a1,baseline-no-cid,
2bfc205b9590,2026-03-17T07:10:47.002896+00:00,baseline,mega-r307s-1,mega2560_r307s,periodic,19,18,simulated_match,1,80,38000,1773731447001,1773731447002,0.000000,0,0,0,0.087700,0.812500,1773731409002.000000,0,1,1,7747,0.000000,0.000000,0.000938,0.000751,0.750720,137,4373848059e0b9a1,baseline-no-cid,
2bfc205b9590,2026-03-17T07:10:49.018056+00:00,baseline,mega-r307s-1,mega2560_r307s,periodic,20,19,simulated_match,1,80,40000,1773731449016,1773731449017,0.000000,0,0,0,0.081700,0.844200,1773731409017.000000,0,1,1,7747,0.000000,0.000000,0.000950,0.000760,0.760080,137,4373848059e0b9a1,baseline-no-cid,
2bfc205b9590,2026-03-17T07:10:51.032873+00:00,baseline,mega-r307s-1,mega2560_r307s,periodic,21,20,simulated_match,1,80,42000,1773731451032,1773731451032,0.000000,0,0,0,0.058900,0.566700,1773731409032.000000,0,1,1,7747,0.000000,0.000000,0.000641,0.000513,0.512640,137,4373848059e0b9a1,baseline-no-cid,
2bfc205b9590,2026-03-17T07:10:53.048733+00:00,baseline,mega-r307s-1,mega2560_r307s,periodic,22,21,simulated_match,1,80,44000,1773731453047,1773731453048,0.000000,0,0,0,0.067700,0.662900,1773731409048.000000,0,1,1,7747,0.000000,0.000000,0.000749,0.000599,0.599040,137,4373848059e0b9a1,baseline-no-cid,
2bfc205b9590,2026-03-17T07:10:55.063280+00:00,baseline,mega-r307s-1,mega2560_r307s,periodic,23,22,simulated_match,1,80,46000,1773731455062,1773731455063,0.000000,0,0,0,0.049500,0.563000,1773731409063.000000,0,1,1,7747,0.000000,0.000000,0.000625,0.000500,0.499920,137,4373848059e0b9a1,baseline-no-cid,
2bfc205b9590,2026-03-17T07:10:57.078588+00:00,baseline,mega-r307s-1,mega2560_r307s,periodic,24,23,simulated_match,1,80,48000,1773731457077,1773731457078,0.000000,0,0,0,0.054900,0.525900,1773731409078.000000,0,1,1,7747,0.000000,0.000000,0.000595,0.000476,0.476240,137,4373848059e0b9a1,baseline-no-cid,
2bfc205b9590,2026-03-17T07:10:59.094652+00:00,baseline,mega-r307s-1,mega2560_r307s,periodic,25,24,simulated_match,1,80,50000,1773731459094,1773731459094,0.000000,0,0,0,0.053000,0.371500,1773731409094.000000,0,1,1,7747,0.000000,0.000000,0.000436,0.000349,0.348720,137,4373848059e0b9a1,baseline-no-cid,
2bfc205b9590,2026-03-17T07:11:01.113629+00:00,baseline,mega-r307s-1,mega2560_r307s,periodic,26,25,simulated_match,1,80,52000,1773731461110,1773731461113,0.000000,0,0,0,0.090800,2.736900,1773731409113.000000,0,1,1,7747,0.000000,0.003906,0.002866,0.002292,2.292480,137,4373848059e0b9a1,baseline-no-cid,
2bfc205b9590,2026-03-17T07:11:03.126911+00:00,baseline,mega-r307s-1,mega2560_r307s,periodic,27,26,simulated_match,1,80,54000,1773731463125,1773731463126,0.000000,0,0,0,0.095800,0.995300,1773731409126.000000,0,1,1,7747,0.000000,0.000000,0.001117,0.000894,0.893760,137,4373848059e0b9a1,baseline-no-cid,
2bfc205b9590,2026-03-17T07:11:05.141788+00:00,baseline,mega-r307s-1,mega2560_r307s,periodic,28,27,simulated_match,1,80,56000,1773731465140,1773731465141,0.000000,0,0,0,0.074200,0.746900,1773731409141.000000,0,1,1,7747,0.000000,0.000000,0.000841,0.000672,0.672480,137,4373848059e0b9a1,baseline-no-cid,
2bfc205b9590,2026-03-17T07:11:07.155643+00:00,baseline,mega-r307s-1,mega2560_r307s,periodic,29,28,simulated_match,1,80,58000,1773731467155,1773731467155,0.000000,0,0,0,0.039400,0.318900,1773731409155.000000,0,1,1,7747,0.000000,0.000000,0.000367,0.000294,0.293600,137,4373848059e0b9a1,baseline-no-cid,
2bfc205b9590,2026-03-17T07:11:09.172037+00:00,baseline,mega-r307s-1,mega2560_r307s,periodic,30,29,simulated_match,1,80,60000,1773731469171,1773731469171,0.000000,0,0,0,0.071600,0.739700,1773731409171.000000,0,1,1,7747,0.000000,0.000000,0.000829,0.000663,0.663280,137,4373848059e0b9a1,baseline-no-cid,
